lctype,
Banana
Banana
Banana
Banana
Banana
Banana
Banana
Banana
Banana
Banana
Banana
Banana
Banana
Banana
Banana
Banana
Banana
Banana
Banana
Banana
Banana
Banana
Banana
Banana
Banana
Banana
Banana
Banana
Banana
Banana
Banana
Banana
Banana
Banana
Banana
Banana
Banana
Banana
Banana
Banana
Banana
Banana
Banana
Banana
Banana
Banana
Banana
Banana
Banana
Banana
Banana
Banana
Banana
Banana
Banana
Banana
Banana
Banana
Banana
Banana
Banana
Banana
Banana
Banana
Banana
Banana
Banana
Banana
Banana
Banana
Banana
Banana
Banana
Banana
Banana
Banana
Banana
Banana
Banana
Banana
Banana
Banana
Banana
Banana
Banana
Banana
Banana
Banana
Banana
Banana
Banana
Banana
Banana
Banana
Banana
Banana
Banana
Banana
Banana
Banana
Banana
Banana
Banana
Banana
Banana
Banana
Banana
Banana
Banana
Banana
Banana
Banana
Banana
Banana
Banana
Banana
Banana
Banana
Banana
Banana
Banana
Banana
Banana
Banana
Banana
Banana
Banana
Banana
Banana
Banana
Banana
Banana
Banana
Banana
Banana
Banana
Banana
Banana
Banana
Banana
Banana
Banana
Banana
Banana
Banana
Banana
Banana
Banana
Banana
Banana
Banana
Banana
Banana
Banana
Banana
Banana
Banana
Banana
Banana
Banana
Banana
Banana
Banana
Banana
Banana
Banana
Banana
Banana
Banana
Banana
Banana
Banana
Banana
Banana
Banana
Banana
Banana
Banana
Banana
Banana
Banana
Banana
Banana
Banana
Banana
Banana
Banana
Banana
Banana
Banana
Banana
Banana
Banana
Banana
Banana
Banana
Banana
Banana
Banana
Banana
Banana
Banana
Banana
Banana
Banana
Banana
Banana
Banana
Banana
Banana
Banana
Banana
Banana
Banana
Banana
Banana
Banana
Banana
Banana
Banana
Banana
Banana
Banana
Banana
Banana
Banana
Banana
Banana
Banana
Banana
Banana
Banana
Banana
Banana
Banana
Banana
Banana
Banana
Banana
Banana
Banana
Banana
Banana
Banana
Banana
Banana
Banana
Banana
Banana
Banana
Banana
Banana
Banana
Banana
Banana
Banana
Banana
Banana
Banana
Banana
Banana
Banana
Banana
Banana
Banana
Banana
Banana
Banana
Banana
Banana
Banana
Banana
Banana
Banana
Banana
Banana
Banana
Banana
Banana
Banana
Banana
Banana
Banana
Banana
Banana
Banana
Banana
Banana
Banana
Banana
Banana
Banana
Banana
Banana
Banana
Banana
Banana
Banana
Banana
Banana
Banana
Banana
Banana
Banana
Banana
Banana
Banana
Banana
Banana
Banana
Banana
Banana
Banana
Banana
Banana
Banana
Banana
Banana
Banana
Banana
Banana
Banana
Banana
Banana
Banana
Banana
Banana
Banana
Banana
Banana
Banana
Banana
Banana
Banana
Banana
Banana
Banana
Banana
Banana
Banana
Banana
Banana
Banana
Banana
Banana
Banana
Banana
Banana
Banana
Banana
Banana
Banana
Banana
Banana
Banana
Banana
Banana
Banana
Banana
Banana
Banana
Banana
Banana
Banana
Banana
Banana
Banana
Banana
Banana
Banana
Banana
Banana
Banana
Banana
Banana
Banana
Banana
Banana
Banana
Banana
Banana
Banana
Banana
Banana
Banana
Banana
Banana
Banana
Banana
Banana
Banana
Banana
Banana
Banana
Banana
Banana
Banana
Banana
Banana
Banana
Banana
Banana
Banana
Banana
Banana
Banana
Banana
Banana
Banana
Banana
Banana
Banana
Banana
Banana
Banana
Banana
Banana
Banana
Banana
Banana
Banana
Banana
Banana
Banana
Banana
Banana
Banana
Banana
Banana
Banana
Banana
Banana
Banana
Banana
Banana
Banana
Banana
Banana
Banana
Banana
Banana
Banana
Banana
Banana
Banana
Banana
Banana
Banana
Banana
Banana
Banana
Banana
Banana
Banana
Banana
Banana
Banana
Banana
Banana
Banana
Banana
Banana
Banana
Banana
Banana
Banana
Banana
Banana
Banana
Banana
Banana
Banana
Banana
Banana
Banana
Banana
Banana
Banana
Banana
Banana
Banana
Banana
Banana
Banana
Banana
Banana
Banana
Banana
Banana
Banana
Banana
Banana
Banana
Banana
Banana
Banana
Banana
Banana
Banana
Banana
Banana
Banana
Banana
Banana
Banana
Banana
Banana
Banana
Banana
Banana
Banana
Banana
Banana
Banana
Banana
Banana
Banana
Banana
Banana
Banana
Banana
Banana
Banana
Banana
Banana
Banana
Banana
Banana
Banana
Banana
Banana
Banana
Banana
Banana
Banana
Banana
Banana
Banana
Banana
Banana
Banana
Banana
Banana
Banana
Banana
Banana
Banana
Banana
Banana
Banana
Banana
Banana
Banana
Banana
Banana
Banana
Banana
Banana
Banana
Banana
Banana
Banana
Banana
Banana
Banana
Banana
Banana
Banana
Banana
Banana
Banana
Banana
Banana
Banana
Banana
Banana
Banana
Banana
Banana
Banana
Banana
Banana
Banana
Banana
Banana
Banana
Banana
Banana
Banana
Banana
Banana
Banana
Banana
Banana
Banana
Banana
Banana
Banana
Banana
Banana
Banana
Banana
Banana
Banana
Banana
Banana
Banana
Banana
Banana
Banana
Banana
Banana
Banana
Banana
Banana
Banana
Banana
Banana
Banana
Banana
Banana
Banana
Banana
Banana
Banana
Banana
Banana
Banana
Banana
Banana
Banana
Banana
Banana
Banana
Banana
Banana
Banana
Banana
Banana
Banana
Banana
Banana
Banana
Banana
Banana
Banana
Banana
Banana
Banana
Banana
Banana
Banana
Banana
Banana
Banana
Banana
Banana
Banana
Banana
Banana
Banana
Banana
Banana
Banana
Banana
Banana
Banana
Banana
Banana
Banana
Banana
Banana
Banana
Banana
Banana
Banana
Banana
Banana
Banana
Banana
Banana
Banana
Banana
Banana
Banana
Banana
Banana
Banana
Banana
Banana
Banana
Banana
Banana
Banana
Banana
Banana
Banana
Banana
Banana
Banana
Harvested
Harvested
Harvested
Harvested
Harvested
Harvested
Harvested
Harvested
Harvested
Harvested
Harvested
Harvested
Harvested
Harvested
Harvested
Harvested
Harvested
Harvested
Harvested
Harvested
Harvested
Harvested
Harvested
Harvested
Harvested
Harvested
Harvested
Harvested
Harvested
Harvested
Harvested
Harvested
Harvested
Harvested
Harvested
Harvested
Harvested
Harvested
Harvested
Harvested
Harvested
Harvested
Harvested
Harvested
Harvested
Harvested
Harvested
Harvested
Harvested
Harvested
Harvested
Harvested
Harvested
Harvested
Harvested
Harvested
Harvested
Harvested
Harvested
Harvested
Harvested
Harvested
Harvested
Harvested
Harvested
Harvested
Harvested
Harvested
Harvested
Harvested
Harvested
Harvested
Harvested
Harvested
Harvested
Harvested
Harvested
Harvested
Harvested
Harvested
Harvested
Harvested
Harvested
Harvested
Harvested
Harvested
Harvested
Harvested
Harvested
Harvested
Harvested
Harvested
Harvested
Harvested
Harvested
Harvested
Harvested
Harvested
Harvested
Harvested
Harvested
Harvested
Harvested
Harvested
Harvested
Harvested
Harvested
Harvested
Harvested
Harvested
Harvested
Harvested
Harvested
Harvested
Harvested
Harvested
Harvested
Harvested
Harvested
Harvested
Harvested
Harvested
Harvested
Harvested
Harvested
Harvested
Harvested
Harvested
Harvested
Harvested
Harvested
Harvested
Harvested
Harvested
Harvested
Harvested
Harvested
Harvested
Harvested
Harvested
Harvested
Harvested
Harvested
Harvested
Harvested
Harvested
Harvested
Harvested
Harvested
Harvested
Harvested
Harvested
Harvested
Harvested
Harvested
Harvested
Harvested
Harvested
Harvested
Harvested
Harvested
Harvested
Harvested
Harvested
Harvested
Harvested
Harvested
Harvested
Harvested
Harvested
Harvested
Harvested
Harvested
Harvested
Harvested
Harvested
Harvested
Harvested
Harvested
Harvested
Harvested
Harvested
Harvested
Harvested
Harvested
Harvested
Harvested
Harvested
Harvested
Harvested
Harvested
Harvested
Harvested
Harvested
Harvested
Harvested
Harvested
Harvested
Harvested
Harvested
Harvested
Harvested
Harvested
Harvested
Harvested
Harvested
Harvested
Harvested
Harvested
Harvested
Harvested
Harvested
Harvested
Harvested
Harvested
Harvested
Harvested
Harvested
Harvested
Harvested
Harvested
Harvested
Harvested
Harvested
Harvested
Harvested
Harvested
Harvested
Harvested
Harvested
Harvested
Harvested
Harvested
Harvested
Harvested
Harvested
Harvested
Harvested
Harvested
Harvested
Harvested
Harvested
Harvested
Harvested
Harvested
Harvested
Harvested
Harvested
Harvested
Harvested
Harvested
Harvested
Harvested
Harvested
Harvested
Harvested
Harvested
Harvested
Harvested
Harvested
Harvested
Harvested
Harvested
Harvested
Harvested
Harvested
Harvested
Harvested
Harvested
Harvested
Harvested
Harvested
Harvested
Harvested
Harvested
Harvested
Harvested
Harvested
Harvested
Harvested
Harvested
Harvested
Harvested
Harvested
Harvested
Harvested
Harvested
Harvested
Harvested
Harvested
Harvested
Harvested
Harvested
Harvested
Harvested
Harvested
Harvested
Harvested
Harvested
Harvested
Harvested
Harvested
Harvested
Harvested
Harvested
Harvested
Harvested
Harvested
Harvested
Harvested
Harvested
Harvested
Harvested
Harvested
Harvested
Harvested
Harvested
Harvested
Harvested
Harvested
Harvested
Harvested
Harvested
Harvested
Harvested
Harvested
Harvested
Harvested
Harvested
Harvested
Harvested
Harvested
Harvested
Harvested
Harvested
Harvested
Harvested
Harvested
Harvested
Harvested
Harvested
Harvested
Harvested
Harvested
Harvested
Harvested
Harvested
Harvested
Harvested
Harvested
Harvested
Harvested
Harvested
Harvested
Harvested
Harvested
Harvested
Harvested
Harvested
Harvested
Harvested
Harvested
Harvested
Harvested
Harvested
Harvested
Harvested
Harvested
Harvested
Harvested
Harvested
Harvested
Harvested
Harvested
Harvested
Harvested
Harvested
Harvested
Harvested
Harvested
Harvested
Harvested
Harvested
Harvested
Harvested
Harvested
Harvested
Harvested
Harvested
Harvested
Harvested
Harvested
Harvested
Harvested
Harvested
Harvested
Harvested
Harvested
Harvested
Harvested
Harvested
Harvested
Harvested
Harvested
Harvested
Harvested
Harvested
Harvested
Harvested
Harvested
Harvested
Harvested
Harvested
Harvested
Harvested
Harvested
Harvested
Harvested
Harvested
Harvested
Harvested
Harvested
Harvested
Harvested
Harvested
Harvested
Harvested
Harvested
Harvested
Harvested
Harvested
Harvested
Harvested
Harvested
Harvested
Harvested
Harvested
Harvested
Harvested
Harvested
Harvested
Harvested
Harvested
Harvested
Harvested
Harvested
Harvested
Harvested
Harvested
Harvested
Harvested
Harvested
Harvested
Harvested
Harvested
Harvested
Harvested
Harvested
Harvested
Harvested
Harvested
Harvested
Harvested
Harvested
Harvested
Harvested
Harvested
Harvested
Harvested
Harvested
Harvested
Harvested
Harvested
Harvested
Harvested
Harvested
Harvested
Harvested
Harvested
Harvested
Harvested
Harvested
Harvested
Harvested
Harvested
Harvested
Harvested
Harvested
Harvested
Harvested
Harvested
Harvested
Harvested
Harvested
Harvested
Harvested
Harvested
Harvested
Harvested
Harvested
Harvested
Harvested
Harvested
Harvested
Harvested
Harvested
Harvested
Harvested
Harvested
Harvested
Harvested
Harvested
Harvested
Harvested
Harvested
Harvested
Harvested
Harvested
Harvested
Harvested
Harvested
Harvested
Harvested
Harvested
Harvested
Harvested
Harvested
Harvested
Harvested
Harvested
Harvested
Harvested
Harvested
Harvested
Harvested
Harvested
Harvested
Harvested
Harvested
Harvested
Harvested
Harvested
Harvested
Harvested
Harvested
Harvested
Harvested
Harvested
Harvested
Harvested
Harvested
Harvested
Harvested
Harvested
Harvested
Harvested
Harvested
Harvested
Harvested
Harvested
Harvested
Harvested
Harvested
Harvested
Harvested
Harvested
Harvested
Harvested
Harvested
Harvested
Harvested
Harvested
Harvested
Harvested
Harvested
Harvested
Harvested
Harvested
Harvested
Harvested
Harvested
Harvested
Harvested
Harvested
Harvested
Harvested
Harvested
Harvested
Harvested
Harvested
Harvested
Harvested
Harvested
Harvested
Harvested
Harvested
Harvested
Harvested
Harvested
Harvested
Harvested
Harvested
Harvested
Harvested
Harvested
Harvested
Harvested
Harvested
Harvested
Harvested
Harvested
Harvested
Harvested
Harvested
Harvested
Harvested
Harvested
Harvested
Harvested
Harvested
Harvested
Harvested
Harvested
Harvested
Harvested
Harvested
Harvested
Harvested
Harvested
Harvested
Harvested
Harvested
Harvested
Harvested
Harvested
Harvested
Harvested
Harvested
Harvested
Harvested
Harvested
Harvested
Harvested
Harvested
Harvested
Harvested
Harvested
Harvested
Harvested
Harvested
Harvested
Harvested
Harvested
Harvested
Harvested
Harvested
Harvested
Harvested
Harvested
Harvested
Harvested
Harvested
Harvested
Harvested
Harvested
Harvested
Harvested
Harvested
Harvested
Harvested
Harvested
Harvested
Harvested
Harvested
Harvested
Harvested
Harvested
Harvested
Harvested
Harvested
Harvested
Harvested
Harvested
Harvested
Harvested
Harvested
Harvested
Harvested
Harvested
Harvested
Harvested
Harvested
Harvested
Harvested
Harvested
Harvested
Harvested
Harvested
Harvested
Harvested
Fresh Field
Fresh Field
Fresh Field
Fresh Field
Fresh Field
Fresh Field
Fresh Field
Fresh Field
Fresh Field
Fresh Field
Fresh Field
Fresh Field
Fresh Field
Fresh Field
Fresh Field
Fresh Field
Fresh Field
Fresh Field
Fresh Field
Fresh Field
Fresh Field
Fresh Field
Fresh Field
Fresh Field
Fresh Field
Fresh Field
Fresh Field
Fresh Field
Fresh Field
Fresh Field
Fresh Field
Fresh Field
Fresh Field
Fresh Field
Fresh Field
Fresh Field
Fresh Field
Fresh Field
Fresh Field
Fresh Field
Fresh Field
Fresh Field
Fresh Field
Fresh Field
Fresh Field
Fresh Field
Fresh Field
Fresh Field
Fresh Field
Fresh Field
Fresh Field
Fresh Field
Fresh Field
Fresh Field
Fresh Field
Fresh Field
Fresh Field
Fresh Field
Fresh Field
Fresh Field
Fresh Field
Fresh Field
Fresh Field
Fresh Field
Fresh Field
Fresh Field
Fresh Field
Fresh Field
Fresh Field
Fresh Field
Fresh Field
Fresh Field
Fresh Field
Fresh Field
Fresh Field
Fresh Field
Fresh Field
Fresh Field
Fresh Field
Fresh Field
Fresh Field
Fresh Field
Fresh Field
Fresh Field
Fresh Field
Fresh Field
Fresh Field
Fresh Field
Fresh Field
Fresh Field
Fresh Field
Fresh Field
Fresh Field
Fresh Field
Fresh Field
Fresh Field
Fresh Field
Fresh Field
Fresh Field
Fresh Field
Fresh Field
Fresh Field
Fresh Field
Fresh Field
Fresh Field
Fresh Field
Fresh Field
Fresh Field
Fresh Field
Fresh Field
Fresh Field
Fresh Field
Fresh Field
Fresh Field
Fresh Field
Fresh Field
Fresh Field
Fresh Field
Fresh Field
Fresh Field
Fresh Field
Fresh Field
Fresh Field
Fresh Field
Fresh Field
Fresh Field
Fresh Field
Fresh Field
Fresh Field
Fresh Field
Fresh Field
Fresh Field
Fresh Field
Fresh Field
Fresh Field
Fresh Field
Fresh Field
Fresh Field
Fresh Field
Fresh Field
Fresh Field
Fresh Field
Fresh Field
Fresh Field
Fresh Field
Fresh Field
Fresh Field
Fresh Field
Fresh Field
Fresh Field
Fresh Field
Fresh Field
Fresh Field
Fresh Field
Fresh Field
Fresh Field
Fresh Field
Fresh Field
Fresh Field
Fresh Field
Fresh Field
Fresh Field
Fresh Field
Fresh Field
Fresh Field
Fresh Field
Fresh Field
Fresh Field
Fresh Field
Fresh Field
Fresh Field
Fresh Field
Fresh Field
Fresh Field
Fresh Field
Fresh Field
Fresh Field
Fresh Field
Fresh Field
Fresh Field
Fresh Field
Fresh Field
Fresh Field
Fresh Field
Fresh Field
Fresh Field
Fresh Field
Fresh Field
Fresh Field
Fresh Field
Fresh Field
Fresh Field
Fresh Field
Fresh Field
Fresh Field
Fresh Field
Fresh Field
Fresh Field
Fresh Field
Fresh Field
Fresh Field
Fresh Field
Fresh Field
Fresh Field
Fresh Field
Fresh Field
Fresh Field
Fresh Field
Fresh Field
Fresh Field
Fresh Field
Fresh Field
Fresh Field
Fresh Field
Fresh Field
Fresh Field
Fresh Field
Fresh Field
Fresh Field
Fresh Field
Fresh Field
Fresh Field
Fresh Field
Fresh Field
Fresh Field
Fresh Field
Fresh Field
Fresh Field
Fresh Field
Fresh Field
Fresh Field
Fresh Field
Fresh Field
Fresh Field
Fresh Field
Fresh Field
Fresh Field
Fresh Field
Fresh Field
Fresh Field
Fresh Field
Fresh Field
Fresh Field
Fresh Field
Fresh Field
Fresh Field
Fresh Field
Fresh Field
Fresh Field
Fresh Field
Fresh Field
Fresh Field
Fresh Field
Fresh Field
Fresh Field
Fresh Field
Fresh Field
Fresh Field
Fresh Field
Fresh Field
Fresh Field
Fresh Field
Fresh Field
Fresh Field
Fresh Field
Fresh Field
Fresh Field
Fresh Field
Fresh Field
Fresh Field
Fresh Field
Fresh Field
Fresh Field
Fresh Field
Fresh Field
Fresh Field
Fresh Field
Fresh Field
Fresh Field
Fresh Field
Fresh Field
Fresh Field
Fresh Field
Fresh Field
Fresh Field
Fresh Field
Fresh Field
Fresh Field
Fresh Field
Fresh Field
Fresh Field
Fresh Field
Fresh Field
Fresh Field
Fresh Field
Fresh Field
Fresh Field
Fresh Field
Fresh Field
Fresh Field
Fresh Field
Fresh Field
Fresh Field
Fresh Field
Fresh Field
Fresh Field
Fresh Field
Fresh Field
Fresh Field
Fresh Field
Fresh Field
Fresh Field
Fresh Field
Fresh Field
Fresh Field
Fresh Field
Fresh Field
Fresh Field
Fresh Field
Fresh Field
Fresh Field
Fresh Field
Fresh Field
Fresh Field
Fresh Field
Fresh Field
Fresh Field
Fresh Field
Fresh Field
Fresh Field
Fresh Field
Fresh Field
Fresh Field
Fresh Field
Fresh Field
Fresh Field
Fresh Field
Fresh Field
Fresh Field
Fresh Field
Fresh Field
Fresh Field
Fresh Field
Fresh Field
Fresh Field
Fresh Field
Fresh Field
Fresh Field
Fresh Field
Fresh Field
Fresh Field
Fresh Field
Fresh Field
Fresh Field
Fresh Field
Fresh Field
Fresh Field
Fresh Field
Fresh Field
Fresh Field
Fresh Field
Fresh Field
Fresh Field
Fresh Field
Fresh Field
Fresh Field
Fresh Field
Fresh Field
Fresh Field
Fresh Field
Fresh Field
Fresh Field
Fresh Field
Fresh Field
Fresh Field
Fresh Field
Fresh Field
Fresh Field
Fresh Field
Fresh Field
Fresh Field
Fresh Field
Fresh Field
Fresh Field
Fresh Field
Fresh Field
Fresh Field
Fresh Field
Fresh Field
Fresh Field
Fresh Field
Fresh Field
Fresh Field
Fresh Field
Fresh Field
Fresh Field
Fresh Field
Fresh Field
Fresh Field
Fresh Field
Fresh Field
Fresh Field
Fresh Field
Fresh Field
Fresh Field
Fresh Field
Fresh Field
Fresh Field
Fresh Field
Fresh Field
Fresh Field
Fresh Field
Fresh Field
Fresh Field
Fresh Field
Fresh Field
Fresh Field
Fresh Field
Fresh Field
Fresh Field
Fresh Field
Fresh Field
Fresh Field
Fresh Field
Fresh Field
Fresh Field
Fresh Field
Fresh Field
Fresh Field
Fresh Field
Fresh Field
Fresh Field
Fresh Field
Fresh Field
Fresh Field
Fresh Field
Fresh Field
Fresh Field
Fresh Field
Fresh Field
Fresh Field
Fresh Field
Fresh Field
Fresh Field
Fresh Field
Fresh Field
Fresh Field
Fresh Field
Fresh Field
Fresh Field
Fresh Field
Fresh Field
Fresh Field
Fresh Field
Fresh Field
Fresh Field
Fresh Field
Fresh Field
Fresh Field
Fresh Field
Fresh Field
Fresh Field
Fresh Field
Fresh Field
Fresh Field
Fresh Field
Fresh Field
Fresh Field
Fresh Field
Fresh Field
Fresh Field
Fresh Field
Fresh Field
Fresh Field
Fresh Field
Fresh Field
Fresh Field
Fresh Field
Fresh Field
Fresh Field
Fresh Field
Fresh Field
Fresh Field
Fresh Field
Fresh Field
Fresh Field
Fresh Field
Fresh Field
Fresh Field
Fresh Field
Fresh Field
Fresh Field
Fresh Field
Fresh Field
Fresh Field
Fresh Field
Fresh Field
Fresh Field
Fresh Field
Fresh Field
Fresh Field
Fresh Field
Fresh Field
Fresh Field
Fresh Field
Fresh Field
Fresh Field
Fresh Field
Fresh Field
Fresh Field
Fresh Field
Fresh Field
Fresh Field
Fresh Field
Fresh Field
Fresh Field
Fresh Field
Fresh Field
Fresh Field
Fresh Field
Fresh Field
Fresh Field
Fresh Field
Fresh Field
Fresh Field
Fresh Field
Fresh Field
Fresh Field
Fresh Field
Fresh Field
Fresh Field
Fresh Field
Fresh Field
Fresh Field
Fresh Field
Fresh Field
Fresh Field
Fresh Field
Fresh Field
Fresh Field
Fresh Field
Fresh Field
Fresh Field
Fresh Field
Fresh Field
Fresh Field
Fresh Field
Fresh Field
Fresh Field
Fresh Field
Fresh Field
Fresh Field
Fresh Field
Fresh Field
Fresh Field
Fresh Field
Fresh Field
Fresh Field
Fresh Field
Fresh Field
Fresh Field
Fresh Field
Fresh Field
Fresh Field
Fresh Field
Fresh Field
Fresh Field
Fresh Field
Fresh Field
Fresh Field
Fresh Field
Fresh Field
Fresh Field
Fresh Field
Fresh Field
Fresh Field
Fresh Field
Fresh Field
Fresh Field
Fresh Field
Fresh Field
Fresh Field
Fresh Field
Fresh Field
Fresh Field
Fresh Field
Fresh Field
Fresh Field
Fresh Field
Fresh Field
Fresh Field
Fresh Field
Fresh Field
Fresh Field
Fresh Field
Fresh Field
Fresh Field
Fresh Field
Fresh Field
Fresh Field
Fresh Field
Fresh Field
Fresh Field
Fresh Field
Fresh Field
Fresh Field
Fresh Field
Fresh Field
Fresh Field
Fresh Field
Fresh Field
Fresh Field
Fresh Field
Fresh Field
Fresh Field
Fresh Field
Fresh Field
Fresh Field
Fresh Field
Fresh Field
Fresh Field
Fresh Field
Fresh Field
Fresh Field
Fresh Field
Fresh Field
Fresh Field
Fresh Field
Fresh Field
Fresh Field
Fresh Field
Fresh Field
Fresh Field
Fresh Field
Fresh Field
Fresh Field
Fresh Field
Fresh Field
Fresh Field
Fresh Field
Fresh Field
Fresh Field
Fresh Field
Fresh Field
Fresh Field
Fresh Field
Fresh Field
Fresh Field
Fresh Field
Fresh Field
Fresh Field
Fresh Field
Fresh Field
Fresh Field
Fresh Field
Fresh Field
Fresh Field
Fresh Field
Fresh Field
Fresh Field
Fresh Field
Fresh Field
Fresh Field
Fresh Field
Fresh Field
Fresh Field
Fresh Field
Fresh Field
Fresh Field
Fresh Field
Fresh Field
Fresh Field
Fresh Field
Fresh Field
Fresh Field
Fresh Field
Fresh Field
Fresh Field
Fresh Field
Fresh Field
Fresh Field
Fresh Field
Fresh Field
Fresh Field
Fresh Field
Fresh Field
Fresh Field
Fresh Field
Fresh Field
Fresh Field
Fresh Field
Fresh Field
Fresh Field
Fresh Field
Fresh Field
Fresh Field
Fresh Field
Fresh Field
Fresh Field
Fresh Field
